epoch,loss,y_pred,y_true
0,0.111960269510746,0.1059202253818512,0.0
0,0.1500052660703659,0.13929656147956848,0.0
0,0.19006985425949097,0.1730986386537552,0.0
0,4.705244541168213,0.009047701954841614,1.0
0,0.015271751210093498,0.015155728906393051,0.0
0,0.13229817152023315,0.1239202618598938,0.0
0,2.450936794281006,0.08621277660131454,1.0
0,0.09011740982532501,0.08617611229419708,0.0
0,0.03768724948167801,0.03698592260479927,0.0
0,0.17446957528591156,0.16009758412837982,0.0
0,2.1718857288360596,0.11396250128746033,1.0
0,2.084709882736206,0.12434318661689758,1.0
0,5.8264031410217285,0.002948664128780365,1.0
0,0.01874866522848606,0.018574003130197525,0.0
0,0.011930025182664394,0.011859145015478134,0.0
0,0.10394920408725739,0.09872892498970032,0.0
0,2.47747802734375,0.08395469188690186,1.0
0,0.04445837438106537,0.04348458722233772,0.0
0,2.995317220687866,0.05002076178789139,1.0
0,3.801140785217285,0.02234526351094246,1.0
0,0.15440526604652405,0.14307533204555511,0.0
0,0.23973733186721802,0.2131654918193817,0.0
0,1.9754626750946045,0.13869713246822357,1.0
0,0.14483851194381714,0.1348380148410797,0.0
0,0.17442837357521057,0.1600629836320877,0.0
0,3.5406081676483154,0.028995687142014503,1.0
0,0.15372830629348755,0.1424950361251831,0.0
0,0.23204754292964935,0.2070915699005127,0.0
0,0.09552449733018875,0.09110390394926071,0.0
0,2.2040319442749023,0.11035731434822083,1.0
0,4.509646892547607,0.011002343147993088,1.0
0,0.07747602462768555,0.07455078512430191,0.0
0,0.11345040053129196,0.10725152492523193,0.0
0,0.038737375289201736,0.03799667954444885,0.0
0,0.052305202931165695,0.05096082761883736,0.0
0,0.15093237161636353,0.14009414613246918,0.0
0,0.03123857080936432,0.03075568750500679,0.0
0,0.04313168302178383,0.04221474006772041,0.0
0,1.9754575490951538,0.13869783282279968,1.0
0,0.07593221217393875,0.07312096655368805,0.0
0,0.09490805119276047,0.09054344892501831,0.0
0,0.003102957969531417,0.003098148852586746,0.0
0,4.27042293548584,0.013975869864225388,1.0
0,0.21617159247398376,0.19440294802188873,0.0
0,0.18694265186786652,0.17050869762897491,0.0
0,0.07414869964122772,0.07146638631820679,0.0
0,0.14598451554775238,0.1358289122581482,0.0
0,0.05808105692267418,0.05642654001712799,0.0
0,2.6840124130249023,0.06828859448432922,1.0
0,0.002123078564181924,0.00212082639336586,0.0
0,0.08062818646430969,0.07746335864067078,0.0
0,2.669973134994507,0.0692540779709816,1.0
0,0.0012276514898985624,0.0012268982827663422,0.0
0,0.10876309871673584,0.10305711627006531,0.0
0,0.04580406844615936,0.044770896434783936,0.0
0,0.015297053381800652,0.015180647373199463,0.0
0,0.010757982730865479,0.010700322687625885,0.0
0,0.1016751378774643,0.0966770350933075,0.0
0,0.03416341543197632,0.03358643501996994,0.0
0,0.021206825971603394,0.020983543246984482,0.0
0,0.09456073492765427,0.09022752195596695,0.0
0,2.4253010749816895,0.08845148980617523,1.0
0,0.045420192182064056,0.04440413415431976,0.0
0,0.1248847246170044,0.1174013614654541,0.0
0,0.05509226396679878,0.053602173924446106,0.0
0,0.05884462594985962,0.057146746665239334,0.0
0,0.09871139377355576,0.0939958468079567,0.0
0,5.92234468460083,0.0026789121329784393,1.0
0,0.14361879229545593,0.13378210365772247,0.0
0,0.10201454162597656,0.09698358178138733,0.0
0,0.13097728788852692,0.1227623000741005,0.0
0,0.0459168404340744,0.04487861320376396,0.0
0,0.1907552182674408,0.17366516590118408,0.0
0,2.089052200317383,0.12380443513393402,1.0
0,1.5448139905929565,0.2133515626192093,1.0
0,3.345815420150757,0.03523147478699684,1.0
0,0.1784738153219223,0.16345404088497162,0.0
0,2.6421406269073486,0.07120867818593979,1.0
0,4.092533111572266,0.016696881502866745,1.0
0,3.2845892906188965,0.0374559611082077,1.0
0,0.12920595705509186,0.12120704352855682,0.0
0,2.2491164207458496,0.10549238324165344,1.0
0,4.04647970199585,0.017483815550804138,1.0
0,0.0118800587952137,0.01180977001786232,0.0
0,0.08398018032312393,0.08055052161216736,0.0
0,3.5731539726257324,0.028067193925380707,1.0
0,0.05034804344177246,0.049101587384939194,0.0
0,0.0537291094660759,0.052311208099126816,0.0
0,0.08466915041208267,0.0811837762594223,0.0
0,3.122443199157715,0.04404941946268082,1.0
0,3.7782540321350098,0.022862572222948074,1.0
0,3.132399797439575,0.0436130128800869,1.0
0,0.07975739240646362,0.0766596719622612,0.0
0,0.701754629611969,0.4957147538661957,1.0
0,0.6767770051956177,0.5082524418830872,1.0
0,0.6895914077758789,0.5017810463905334,1.0
0,0.6356623768806458,0.5295845866203308,1.0
0,0.6981860995292664,0.5025131106376648,0.0
0,0.7056314945220947,0.5062033534049988,0.0
0,0.7102188467979431,0.5084633827209473,0.0
0,0.6769411563873291,0.491830974817276,0.0
0,0.7125529646873474,0.5096093416213989,0.0
0,0.6984171271324158,0.5026280283927917,0.0
0,0.7004722952842712,0.5036491751670837,0.0
0,0.7347984910011292,0.5203979015350342,0.0
0,0.683724582195282,0.5047335624694824,1.0
0,0.6430492401123047,0.525687038898468,1.0
0,0.6783865094184875,0.5074350833892822,1.0
0,0.7520076632499695,0.5285808444023132,0.0
0,0.7267529964447021,0.5165237188339233,0.0
0,0.62518310546875,0.46483656764030457,0.0
0,0.6730726361274719,0.5101386904716492,1.0
0,0.7042240500450134,0.5055078864097595,0.0
0,0.654809832572937,0.5195408463478088,1.0
0,0.6748892664909363,0.5092127919197083,1.0
0,0.67521733045578,0.5090457797050476,1.0
0,0.7072343230247498,0.5069941878318787,0.0
0,0.6445211172103882,0.5249138474464417,1.0
0,0.6632186770439148,0.4848095774650574,0.0
0,0.7309231162071228,0.5185356736183167,0.0
0,0.6373231410980225,0.47129419445991516,0.0
0,0.6400294899940491,0.527276873588562,1.0
0,0.7476392388343811,0.5265169739723206,0.0
0,0.7547832727432251,0.5298874974250793,0.0
0,0.7128916382789612,0.5097754001617432,0.0
0,0.6469800472259521,0.5236247181892395,1.0
0,0.7360447645187378,0.5209952592849731,0.0
0,0.7159305214881897,0.5112628936767578,0.0
0,0.6997689604759216,0.5032999515533447,0.0
0,0.7771822214126587,0.5403004884719849,0.0
0,0.6581600308418274,0.4821968078613281,0.0
0,0.709454357624054,0.5080874562263489,0.0
0,0.7233625650405884,0.5148817300796509,0.0
0,0.7379752397537231,0.5219190716743469,0.0
0,0.7029515504837036,0.5048782229423523,0.0
0,0.6784142851829529,0.49257901310920715,0.0
0,0.708845317363739,0.4922122061252594,1.0
0,0.7343443632125854,0.4798199534416199,1.0
0,0.6358217597007751,0.5295001864433289,1.0
0,0.703370213508606,0.5050854682922363,0.0
0,0.6993316411972046,0.4969173073768616,1.0
0,0.7447081804275513,0.4748728573322296,1.0
0,0.5842186808586121,0.4424586892127991,0.0
0,0.6779890060424805,0.49236318469047546,0.0
0,0.6756169199943542,0.491157591342926,0.0
0,0.6579532623291016,0.48208972811698914,0.0
0,0.6399409770965576,0.47267645597457886,0.0
0,0.7297499775886536,0.4820294976234436,1.0
0,0.7331357598304749,0.5195997953414917,0.0
0,0.7140641212463379,0.489650160074234,1.0
0,0.682828426361084,0.4948139190673828,0.0
0,0.6762025952339172,0.4914555251598358,0.0
1,0.7044447660446167,0.4943830072879791,1.0
1,0.705457329750061,0.4938826560974121,1.0
1,0.7220590114593506,0.48575106263160706,1.0
1,0.7465546727180481,0.4739968180656433,1.0
1,0.7195236086845398,0.5130158066749573,0.0
1,0.7020686864852905,0.5044409036636353,0.0
1,0.6571826338768005,0.4816904366016388,0.0
1,0.6585561633110046,0.48240187764167786,0.0
1,0.6815098524093628,0.4941473603248596,0.0
1,0.6721745133399963,0.4894029200077057,0.0
1,0.7148760557174683,0.5107472538948059,0.0
1,0.681351363658905,0.49406716227531433,0.0
1,0.6931707859039307,0.4999881982803345,1.0
1,0.7154538631439209,0.4889701306819916,1.0
1,0.7106315493583679,0.49133381247520447,1.0
1,0.6911563873291016,0.4990036189556122,0.0
1,0.7090381979942322,0.5078827142715454,0.0
1,0.6511138081550598,0.47853535413742065,0.0
1,0.6734009981155396,0.5099712014198303,1.0
1,0.6842285394668579,0.4955207407474518,0.0
1,0.7214788198471069,0.48603296279907227,1.0
1,0.7016339302062988,0.4957745671272278,1.0
1,0.6879943013191223,0.5025830864906311,1.0
1,0.7051480412483215,0.5059645771980286,0.0
1,0.6987219452857971,0.49722036719322205,1.0
1,0.6876006722450256,0.4972190260887146,0.0
1,0.7093819975852966,0.508051872253418,0.0
1,0.6805057525634766,0.49363917112350464,0.0
1,0.7030696272850037,0.49506330490112305,1.0
1,0.6758340001106262,0.4912680387496948,0.0
1,0.6568596959114075,0.4815230369567871,0.0
1,0.742138683795929,0.5239053964614868,0.0
1,0.682572066783905,0.5053156018257141,1.0
1,0.683662474155426,0.4952350854873657,0.0
1,0.6843315958976746,0.4955727159976959,0.0
1,0.636567234992981,0.47089439630508423,0.0
1,0.610536515712738,0.45694056153297424,0.0
1,0.7060906291007996,0.5064300298690796,0.0
1,0.6751341223716736,0.4909118711948395,0.0
1,0.6978209614753723,0.5023314356803894,0.0
1,0.750785768032074,0.5280044674873352,0.0
1,0.7032119631767273,0.5050071477890015,0.0
1,0.6132147312164307,0.45839303731918335,0.0
1,0.7075536847114563,0.49284839630126953,1.0
1,0.6953198313713074,0.4989148676395416,1.0
1,0.6977078318595886,0.49772486090660095,1.0
1,0.6694736480712891,0.48802199959754944,0.0
1,0.6676576733589172,0.5129085779190063,1.0
1,0.6744939684867859,0.5094141364097595,1.0
1,0.6368841528892517,0.4710620641708374,0.0
1,0.7056288123130798,0.5062020421028137,0.0
1,0.6834751963615417,0.49514055252075195,0.0
1,0.6245680451393127,0.4645073115825653,0.0
1,0.6966419219970703,0.5017443299293518,0.0
1,0.6964355707168579,0.49835851788520813,1.0
1,0.68488609790802,0.49585235118865967,0.0
1,0.7365913391113281,0.4787430167198181,1.0
1,0.6665006279945374,0.4864976406097412,0.0
1,0.6646157503128052,0.485528826713562,0.0
2,0.6695170998573303,0.511955738067627,1.0
2,0.7354209423065186,0.47930365800857544,1.0
2,0.6810749173164368,0.5060727000236511,1.0
2,0.6991187930107117,0.4970231056213379,1.0
2,0.6816526651382446,0.494219571352005,0.0
2,0.7081615924835205,0.5074511170387268,0.0
2,0.7143702507019043,0.5104997158050537,0.0
2,0.6569862365722656,0.4815886616706848,0.0
2,0.6829823851585388,0.4948916733264923,0.0
2,0.6680930852890015,0.48731470108032227,0.0
2,0.7051537036895752,0.505967378616333,0.0
2,0.687203586101532,0.49701935052871704,0.0
2,0.70027756690979,0.49644747376441956,1.0
2,0.7111920118331909,0.49105849862098694,1.0
2,0.6382676959037781,0.5282066464424133,1.0
2,0.6692855358123779,0.4879257082939148,0.0
2,0.7115048170089722,0.5090950727462769,0.0
2,0.6875530481338501,0.4971950948238373,0.0
2,0.6322640776634216,0.5313873291015625,1.0
2,0.6459392309188843,0.4758300185203552,0.0
2,0.7309808135032654,0.481436550617218,1.0
2,0.7235005497932434,0.48505133390426636,1.0
2,0.6944314241409302,0.49935829639434814,1.0
2,0.6815963983535767,0.49419113993644714,0.0
2,0.7479715943336487,0.4733256697654724,1.0
2,0.6981447339057922,0.5024925470352173,0.0
2,0.6601586937904358,0.48323068022727966,0.0
2,0.6997768878936768,0.5033038854598999,0.0
2,0.7380437254905701,0.4780482053756714,1.0
2,0.6958082318305969,0.5013287663459778,0.0
2,0.7143462300300598,0.510487973690033,0.0
2,0.6983866691589355,0.5026128888130188,0.0
2,0.6914097666740417,0.5008694529533386,1.0
2,0.6439144611358643,0.4747675955295563,0.0
2,0.7134621739387512,0.5100550055503845,0.0
2,0.6653148531913757,0.48588836193084717,0.0
2,0.6668036580085754,0.486653208732605,0.0
2,0.713498055934906,0.5100725889205933,0.0
2,0.7017058730125427,0.5042610764503479,0.0
2,0.6792373061180115,0.4929964542388916,0.0
2,0.6740818619728088,0.4903758764266968,0.0
2,0.6220548748970032,0.46315982937812805,0.0
2,0.6765466928482056,0.4916304647922516,0.0
2,0.6943973898887634,0.49937528371810913,1.0
2,0.680237889289856,0.5064964890480042,1.0
2,0.7225362658500671,0.48551928997039795,1.0
2,0.693137526512146,0.4999951720237732,0.0
2,0.753839373588562,0.47055643796920776,1.0
2,0.7489155530929565,0.4728790819644928,1.0
2,0.6817688941955566,0.4942783713340759,0.0
2,0.6376006007194519,0.4714408814907074,0.0
2,0.6483321189880371,0.4770827889442444,0.0
2,0.6636878848075867,0.4850512444972992,0.0
2,0.6300926804542542,0.4674575626850128,0.0
2,0.7428212761878967,0.4757697284221649,1.0
2,0.6923635601997375,0.49960803985595703,0.0
2,0.6998760104179382,0.4966468811035156,1.0
2,0.6755890846252441,0.49114343523979187,0.0
2,0.6722481846809387,0.48944056034088135,0.0
3,0.714341938495636,0.48951414227485657,1.0
3,0.6976379752159119,0.4977596402168274,1.0
3,0.7418351173400879,0.4762391448020935,1.0
3,0.7809231281280518,0.4579830467700958,1.0
3,0.6920341849327087,0.4994432032108307,0.0
3,0.6385453939437866,0.4719400107860565,0.0
3,0.6394181847572327,0.4724006950855255,0.0
3,0.6641824841499329,0.48530587553977966,0.0
3,0.6278077363967896,0.466239333152771,0.0
3,0.7031682729721069,0.504985511302948,0.0
3,0.7054972648620605,0.5061370730400085,0.0
3,0.6622210741043091,0.4842953681945801,0.0
3,0.7665162682533264,0.4646289050579071,1.0
3,0.6464899182319641,0.5238814353942871,1.0
3,0.7711508870124817,0.46248048543930054,1.0
3,0.698303759098053,0.5025716423988342,0.0
3,0.6150445342063904,0.45938318967819214,0.0
3,0.671696126461029,0.48915860056877136,0.0
3,0.7093885540962219,0.49194490909576416,1.0
3,0.6683109998703003,0.48742642998695374,0.0
3,0.7402668595314026,0.4769866168498993,1.0
3,0.7275604009628296,0.48308607935905457,1.0
3,0.7133267521858215,0.4900113344192505,1.0
3,0.656157910823822,0.4811590611934662,0.0
3,0.7487248182296753,0.47296929359436035,1.0
3,0.6616250872612,0.4839878976345062,0.0
3,0.6960439682006836,0.5014463067054749,0.0
3,0.7128145694732666,0.5097376108169556,0.0
3,0.722833514213562,0.48537498712539673,1.0
3,0.6290234923362732,0.46688786149024963,0.0
3,0.6501671671867371,0.47804149985313416,0.0
3,0.6725555062294006,0.4895974397659302,0.0
3,0.7055052518844604,0.4938589930534363,1.0
3,0.7165369987487793,0.5115591883659363,0.0
3,0.6515026688575745,0.47873809933662415,0.0
3,0.6607877016067505,0.4835556447505951,0.0
3,0.6791313886642456,0.492942750453949,0.0
3,0.7012104988098145,0.5040154457092285,0.0
3,0.6091314554214478,0.4561769962310791,0.0
3,0.6683382391929626,0.4874403774738312,0.0
3,0.6516150832176208,0.47879669070243835,0.0
3,0.6732047200202942,0.4899286925792694,0.0
3,0.6997753381729126,0.5033031105995178,0.0
3,0.7139983177185059,0.4896823763847351,1.0
3,0.760744035243988,0.467318594455719,1.0
3,0.6914312243461609,0.500858724117279,1.0
3,0.6491451859474182,0.4775077700614929,0.0
3,0.8189261555671692,0.4409048557281494,1.0
3,0.6946786046028137,0.4992348849773407,1.0
3,0.6062594056129456,0.4546128809452057,0.0
3,0.682578444480896,0.49468761682510376,0.0
3,0.6654497385025024,0.48595771193504333,0.0
3,0.6836405992507935,0.4952240288257599,0.0
3,0.6722041368484497,0.48941805958747864,0.0
3,0.7236529588699341,0.4849774241447449,1.0
3,0.6034057140350342,0.453054279088974,0.0
3,0.709920346736908,0.49168336391448975,1.0
3,0.6389206051826477,0.47213810682296753,0.0
3,0.6153222918510437,0.45953333377838135,0.0
4,0.6940520405769348,0.4995477795600891,1.0
4,0.7288941144943237,0.4824422299861908,1.0
4,0.7432355284690857,0.47557270526885986,1.0
4,0.7170584797859192,0.48818615078926086,1.0
4,0.6728396415710449,0.4897424280643463,0.0
4,0.6581720113754272,0.48220300674438477,0.0
4,0.6689974665641785,0.4877781569957733,0.0
4,0.6797366738319397,0.4932495951652527,0.0
4,0.6459785103797913,0.47585058212280273,0.0
4,0.6569715738296509,0.48158103227615356,0.0
4,0.6770761013031006,0.4918995499610901,0.0
4,0.7477361559867859,0.5265628695487976,0.0
4,0.651098370552063,0.521472692489624,1.0
4,0.689536988735199,0.5018083453178406,1.0
4,0.7479962706565857,0.47331398725509644,1.0
4,0.6649491190910339,0.4857003092765808,0.0
4,0.6430310606956482,0.4743034243583679,0.0
4,0.6258624196052551,0.4651999771595001,0.0
4,0.7287338972091675,0.4825195372104645,1.0
4,0.6493433713912964,0.47761133313179016,0.0
4,0.7548057436943054,0.470101922750473,1.0
4,0.6815962791442871,0.50580894947052,1.0
4,0.7415939569473267,0.47635403275489807,1.0
4,0.6587669849395752,0.4825109839439392,0.0
4,0.7394201159477234,0.47739067673683167,1.0
4,0.6779544949531555,0.4923456609249115,0.0
4,0.6418313384056091,0.4736723303794861,0.0
4,0.638869047164917,0.47211089730262756,0.0
4,0.7853171825408936,0.4559750556945801,1.0
4,0.6664689183235168,0.48648133873939514,0.0
4,0.6907099485397339,0.49877989292144775,0.0
4,0.6885730028152466,0.49770766496658325,0.0
4,0.705669105052948,0.4937780797481537,1.0
4,0.6915122866630554,0.4991818964481354,0.0
4,0.7125094532966614,0.5095880031585693,0.0
4,0.648325502872467,0.4770793318748474,0.0
4,0.7161039710044861,0.5113476514816284,0.0
4,0.6941121816635132,0.5004822611808777,0.0
4,0.6693615317344666,0.48796460032463074,0.0
4,0.613845705986023,0.4587346911430359,0.0
4,0.6716965436935425,0.4891588091850281,0.0
4,0.6232531070709229,0.463802695274353,0.0
4,0.6480466723442078,0.4769335091114044,0.0
4,0.7773787975311279,0.45960915088653564,1.0
4,0.7408412098884583,0.47671273350715637,1.0
4,0.6861715912818909,0.5034999847412109,1.0
4,0.7012068629264832,0.5040136575698853,0.0
4,0.7768514156341553,0.45985162258148193,1.0
4,0.8014238476753235,0.44868963956832886,1.0
4,0.7055991291999817,0.506187379360199,0.0
4,0.6190513372421265,0.4615449905395508,0.0
4,0.6421752572059631,0.47385331988334656,0.0
4,0.6154341101646423,0.4595937430858612,0.0
4,0.6431262493133545,0.47435346245765686,0.0
4,0.7328960299491882,0.48051539063453674,1.0
4,0.6960604786872864,0.5014545321464539,0.0
4,0.7140289545059204,0.4896673560142517,1.0
4,0.6443407535552979,0.47499147057533264,0.0
4,0.5968950390815735,0.44948166608810425,0.0
5,0.7244312763214111,0.48460009694099426,1.0
5,0.7846672534942627,0.4562714993953705,1.0
5,0.7158663868904114,0.48876845836639404,1.0
5,0.7906991243362427,0.4535275995731354,1.0
5,0.641857385635376,0.4736860692501068,0.0
5,0.6012494564056396,0.45187366008758545,0.0
5,0.6692930459976196,0.4879295527935028,0.0
5,0.6115765571594238,0.45750507712364197,0.0
5,0.6925007104873657,0.4996766746044159,0.0
5,0.6056122183799744,0.4542597830295563,0.0
5,0.6408804655075073,0.4731716215610504,0.0
5,0.6527208685874939,0.47937270998954773,0.0
5,0.7556450963020325,0.46970751881599426,1.0
5,0.7938674688339233,0.4520929455757141,1.0
5,0.6964290738105774,0.498361736536026,1.0
5,0.6089460849761963,0.45607617497444153,0.0
5,0.6150292754173279,0.45937493443489075,0.0
5,0.6688318252563477,0.48769330978393555,0.0
5,0.7560328245162964,0.46952542662620544,1.0
5,0.6644617915153503,0.4854496121406555,0.0
5,0.6859771013259888,0.5035979151725769,1.0
5,0.7294466495513916,0.4821757376194,1.0
5,0.692896842956543,0.5001251697540283,1.0
5,0.6468518972396851,0.4763081669807434,0.0
5,0.7281973958015442,0.4827784597873688,1.0
5,0.6894428133964539,0.49814438819885254,0.0
5,0.639289140701294,0.47233259677886963,0.0
5,0.6321022510528564,0.4685266613960266,0.0
5,0.7157474160194397,0.4888266324996948,1.0
5,0.6524749398231506,0.4792446494102478,0.0
5,0.6049556136131287,0.45390135049819946,0.0
5,0.6546792387962341,0.4803912937641144,0.0
5,0.7706064581871033,0.46273234486579895,1.0
5,0.6954131722450256,0.5011317133903503,0.0
5,0.6494723558425903,0.47767868638038635,0.0
5,0.6258327960968018,0.46518415212631226,0.0
5,0.6697946786880493,0.4881863594055176,0.0
5,0.6095970273017883,0.4564301371574402,0.0
5,0.5517563223838806,0.4240626096725464,0.0
5,0.6106055974960327,0.45697808265686035,0.0
5,0.6044378876686096,0.45361852645874023,0.0
5,0.5640079975128174,0.4310757517814636,0.0
5,0.5539646148681641,0.42533305287361145,0.0
5,0.7972813248634338,0.45055219531059265,1.0
5,0.7277520298957825,0.4829935133457184,1.0
5,0.8302475214004517,0.4359413683414459,1.0
5,0.6898851990699768,0.4983663558959961,0.0
5,0.7680246233940125,0.46392861008644104,1.0
5,0.7773460745811462,0.45962420105934143,1.0
5,0.6108533143997192,0.457112580537796,0.0
5,0.5972864627838135,0.4496971368789673,0.0
5,0.555138349533081,0.42600715160369873,0.0
5,0.5898301005363464,0.44557851552963257,0.0
5,0.6383020281791687,0.4718114733695984,0.0
5,0.8706064224243164,0.4186975657939911,1.0
5,0.6713233590126038,0.4889681339263916,0.0
5,0.7633165121078491,0.4661179780960083,1.0
5,0.6303556561470032,0.4675975739955902,0.0
5,0.5467499494552612,0.42117202281951904,0.0
6,0.6749239563941956,0.5091951489448547,1.0
6,0.6893269419670105,0.5019137859344482,1.0
6,0.7870429754257202,0.4551888108253479,1.0
6,0.8393279314041138,0.4320007562637329,1.0
6,0.6352627873420715,0.4702037572860718,0.0
6,0.5854415893554688,0.44314008951187134,0.0
6,0.6446084976196289,0.475132018327713,0.0
6,0.6300885677337646,0.46745535731315613,0.0
6,0.6671572923660278,0.48683470487594604,0.0
6,0.6080006957054138,0.45556172728538513,0.0
6,0.6909788846969604,0.4989146888256073,0.0
6,0.6371452212333679,0.4712001085281372,0.0
6,0.7726381421089172,0.4617931842803955,1.0
6,0.8020114302635193,0.4484260678291321,1.0
6,0.7358984351158142,0.4790748357772827,1.0
6,0.6670122146606445,0.4867602586746216,0.0
6,0.6070160865783691,0.45502540469169617,0.0
6,0.6556332111358643,0.4808867573738098,0.0
6,0.7741638422012329,0.461089164018631,1.0
6,0.652111291885376,0.479055255651474,0.0
6,0.6927193403244019,0.5002139806747437,1.0
6,0.7576226592063904,0.4687795639038086,1.0
6,0.7924266457557678,0.45274481177330017,1.0
6,0.6140626072883606,0.458852082490921,0.0
6,0.7525123953819275,0.4711812734603882,1.0
6,0.6080875992774963,0.4556090235710144,0.0
6,0.6734105348587036,0.49003365635871887,0.0
6,0.6122990250587463,0.4578968584537506,0.0
6,0.7774243950843811,0.4595881998538971,1.0
6,0.5622428059577942,0.4300706088542938,0.0
6,0.6354476809501648,0.47030171751976013,0.0
6,0.5897778868675232,0.4455495774745941,0.0
6,0.7579442262649536,0.46862882375717163,1.0
6,0.690998375415802,0.4989244341850281,0.0
6,0.5580905675888062,0.4276992082595825,0.0
6,0.5859798192977905,0.4434397220611572,0.0
6,0.594997227191925,0.44843590259552,0.0
6,0.5431177616119385,0.41906577348709106,0.0
6,0.5566973686218262,0.42690134048461914,0.0
6,0.6521502733230591,0.47907555103302,0.0
6,0.5887446999549866,0.44497641921043396,0.0
6,0.5764888525009155,0.43813228607177734,0.0
6,0.5595822930335999,0.4285522997379303,0.0
6,0.7741462588310242,0.46109727025032043,1.0
6,0.8027405142784119,0.4480992555618286,1.0
6,0.8525330424308777,0.42633363604545593,1.0
6,0.6655620336532593,0.4860154390335083,0.0
6,0.8161128759384155,0.44214698672294617,1.0
6,0.8217968940734863,0.43964096903800964,1.0
6,0.5412687063217163,0.4179905951023102,0.0
6,0.6249317526817322,0.4647020399570465,0.0
6,0.5384907126426697,0.41637155413627625,0.0
6,0.630649209022522,0.4677538573741913,0.0
6,0.5517855286598206,0.42407941818237305,0.0
6,0.8753052949905396,0.4167347848415375,1.0
6,0.6104955077171326,0.45691829919815063,0.0
6,0.8017509579658508,0.44854289293289185,1.0
6,0.5664574503898621,0.43246760964393616,0.0
6,0.5239762663841248,0.40783873200416565,0.0
7,0.6703396439552307,0.5115348100662231,1.0
7,0.7232799530029297,0.48515835404396057,1.0
7,0.8577598929405212,0.4241110682487488,1.0
7,0.8658615946769714,0.4206889271736145,1.0
7,0.6490461230278015,0.4774560034275055,0.0
7,0.49671655893325806,0.39147457480430603,0.0
7,0.634723961353302,0.46991822123527527,0.0
7,0.6182407140731812,0.46110832691192627,0.0
7,0.6193654537200928,0.46171408891677856,0.0
7,0.5791468024253845,0.43962371349334717,0.0
7,0.7110050320625305,0.5088496804237366,0.0
7,0.687731921672821,0.49728503823280334,0.0
7,0.8140634894371033,0.44305405020713806,1.0
7,0.7755740880966187,0.46043938398361206,1.0
7,0.7456685304641724,0.4744170308113098,1.0
7,0.617760956287384,0.46084973216056824,0.0
7,0.5792402625083923,0.43967607617378235,0.0
7,0.6504774689674377,0.4782034158706665,0.0
7,0.8836491703987122,0.41327205300331116,1.0
7,0.6371662020683289,0.4712112247943878,0.0
7,0.6705590486526489,0.5114225745201111,1.0
7,0.6493028402328491,0.5224098563194275,1.0
7,0.7057310342788696,0.4937475025653839,1.0
7,0.5542291402816772,0.4254850447177887,0.0
7,0.8194110989570618,0.44069111347198486,1.0
7,0.5683977603912354,0.43356773257255554,0.0
7,0.6095073223114014,0.45638135075569153,0.0
7,0.5534294843673706,0.42502543330192566,0.0
7,0.6971322894096375,0.49801141023635864,1.0
7,0.6425610780715942,0.47405627369880676,0.0
7,0.6372150778770447,0.47123706340789795,0.0
7,0.47117146849632263,0.3757294714450836,0.0
7,0.762844979763031,0.46633782982826233,1.0
7,0.7143053412437439,0.5104679465293884,0.0
7,0.562254786491394,0.4300774335861206,0.0
7,0.5887021422386169,0.4449528157711029,0.0
7,0.5946670174598694,0.4482537508010864,0.0
7,0.507684051990509,0.39811208844184875,0.0
7,0.5065932273864746,0.3974551856517792,0.0
7,0.5619038343429565,0.4298774003982544,0.0
7,0.5542137622833252,0.42547619342803955,0.0
7,0.4624345600605011,0.3702513873577118,0.0
7,0.5559322237968445,0.42646265029907227,0.0
7,0.7657925486564636,0.464965283870697,1.0
7,0.844885528087616,0.42960652709007263,1.0
7,0.9111879467964172,0.4020463228225708,1.0
7,0.6731529235839844,0.4899022579193115,0.0
7,0.8423799872398376,0.43068426847457886,1.0
7,0.8215689659118652,0.4397411644458771,1.0
7,0.5682726502418518,0.4334968626499176,0.0
7,0.6303305625915527,0.4675842225551605,0.0
7,0.48093181848526,0.38179293274879456,0.0
7,0.5409439206123352,0.41780155897140503,0.0
7,0.596433699131012,0.4492276608943939,0.0
7,0.8480186462402344,0.4282626211643219,1.0
7,0.6070832014083862,0.45506197214126587,0.0
7,0.8051713109016418,0.4470113515853882,1.0
7,0.5894502401351929,0.4453679025173187,0.0
7,0.510147750377655,0.39959314465522766,0.0
8,0.6771169304847717,0.5080797076225281,1.0
8,0.7320557832717896,0.4809193015098572,1.0
8,0.8225284814834595,0.4393194317817688,1.0
8,0.9206008315086365,0.39827966690063477,1.0
8,0.6565187573432922,0.4813462495803833,0.0
8,0.5199851393699646,0.405470609664917,0.0
8,0.6362791061401367,0.4707419276237488,0.0
8,0.6072638630867004,0.4551604092121124,0.0
8,0.6506948471069336,0.4783168435096741,0.0
8,0.5911217331886292,0.4462941884994507,0.0
8,0.7253752946853638,0.5158571600914001,0.0
8,0.655083179473877,0.48060113191604614,0.0
8,0.7819268703460693,0.4575235843658447,1.0
8,0.8793456554412842,0.41505441069602966,1.0
8,0.777540922164917,0.4595346450805664,1.0
8,0.6172765493392944,0.4605884850025177,0.0
8,0.5513504147529602,0.42382878065109253,0.0
8,0.6171454787254333,0.4605177938938141,0.0
8,0.8519787788391113,0.42656999826431274,1.0
8,0.6449232697486877,0.475297212600708,0.0
8,0.7088003158569336,0.49223437905311584,1.0
8,0.7268115282058716,0.48344799876213074,1.0
8,0.8040249347686768,0.4475240707397461,1.0
8,0.4907712936401367,0.3878459334373474,0.0
8,0.8226951360702515,0.4392462372779846,1.0
8,0.6133431792259216,0.4584626257419586,0.0
8,0.6376312971115112,0.4714570939540863,0.0
8,0.5895774960517883,0.4454384446144104,0.0
8,0.7415266633033752,0.47638607025146484,1.0
8,0.5058042407035828,0.39697960019111633,0.0
8,0.6634047627449036,0.4849054217338562,0.0
8,0.5003495812416077,0.3936813473701477,0.0
8,0.7675243616104126,0.4641607403755188,1.0
8,0.6561670303344727,0.48116379976272583,0.0
8,0.4988802671432495,0.3927898108959198,0.0
8,0.5897356271743774,0.4455261528491974,0.0
8,0.6220464706420898,0.4631553292274475,0.0
8,0.4679056406021118,0.37368738651275635,0.0
8,0.5077431201934814,0.3981476426124573,0.0
8,0.5572423338890076,0.42721354961395264,0.0
8,0.5540034174919128,0.42535534501075745,0.0
8,0.5261135101318359,0.4091029763221741,0.0
8,0.616908609867096,0.46039000153541565,0.0
8,0.819974958896637,0.44044268131256104,1.0
8,0.8368985652923584,0.43305152654647827,1.0
8,0.8835838437080383,0.4132990539073944,1.0
8,0.6480557918548584,0.47693827748298645,0.0
8,0.8265424966812134,0.4375595450401306,1.0
8,0.8320738673210144,0.43514591455459595,1.0
8,0.5052224397659302,0.39662864804267883,0.0
8,0.5941511988639832,0.44796907901763916,0.0
8,0.4150242209434509,0.3396756947040558,0.0
8,0.5473410487174988,0.4215140640735626,0.0
8,0.4789353311061859,0.38055744767189026,0.0
8,0.8644305467605591,0.42129138112068176,1.0
8,0.6296959519386292,0.46724623441696167,0.0
8,0.8425177931785583,0.43062493205070496,1.0
8,0.5427464246749878,0.41885003447532654,0.0
8,0.44055017828941345,0.35631781816482544,0.0
9,0.7040507197380066,0.4945778548717499,1.0
9,0.6801707148551941,0.5065305233001709,1.0
9,0.9629696011543274,0.381757527589798,1.0
9,0.9823862910270691,0.3744165599346161,1.0
9,0.6112667322158813,0.45733699202537537,0.0
9,0.44461968541145325,0.3589319586753845,0.0
9,0.6625649929046631,0.48447269201278687,0.0
9,0.6497840285301208,0.47784146666526794,0.0
9,0.6356281638145447,0.47039729356765747,0.0
9,0.5460543632507324,0.42076924443244934,0.0
9,0.6934706568717957,0.5001617074012756,0.0
9,0.6318039298057556,0.4683680832386017,0.0
9,0.8224264979362488,0.4393642544746399,1.0
9,0.8066269159317017,0.44636115431785583,1.0
9,0.7408214211463928,0.4767221510410309,1.0
9,0.6268713474273682,0.46573927998542786,0.0
9,0.5549291372299194,0.4258870482444763,0.0
9,0.5680127143859863,0.4333495795726776,0.0
9,0.9810636639595032,0.3749121129512787,1.0
9,0.5878503918647766,0.4444798529148102,0.0
9,0.7453815937042236,0.4745531678199768,1.0
9,0.6886473894119263,0.5022549629211426,1.0
9,0.7520822286605835,0.4713839888572693,1.0
9,0.5219634771347046,0.40664562582969666,0.0
9,0.8694133758544922,0.4191973805427551,1.0
9,0.5571161508560181,0.4271412789821625,0.0
9,0.6157837510108948,0.4597826600074768,0.0
9,0.5668501853942871,0.43269047141075134,0.0
9,0.775044858455658,0.46068310737609863,1.0
9,0.6263947486877441,0.465484619140625,0.0
9,0.6158271431922913,0.4598061144351959,0.0
9,0.4748770296573639,0.3780384659767151,0.0
9,0.7392907738685608,0.47745242714881897,1.0
9,0.6870264410972595,0.49693024158477783,0.0
9,0.5703970193862915,0.43469902873039246,0.0
9,0.5645849704742432,0.4314039349555969,0.0
9,0.611826479434967,0.4576406478881836,0.0
9,0.4575219452381134,0.36715006828308105,0.0
9,0.4916500449180603,0.3883836269378662,0.0
9,0.5216151475906372,0.4064389169216156,0.0
9,0.5159435272216797,0.4030629098415375,0.0
9,0.42954522371292114,0.3491950035095215,0.0
9,0.5222703218460083,0.4068276882171631,0.0
9,0.9066227078437805,0.40388596057891846,1.0
9,0.878970205783844,0.4152102768421173,1.0
9,0.8939301371574402,0.4090449810028076,1.0
9,0.6418682932853699,0.47369179129600525,0.0
9,0.9522392153739929,0.38587599992752075,1.0
9,0.9293653964996338,0.3948041796684265,1.0
9,0.4921661615371704,0.3886992037296295,0.0
9,0.5871752500534058,0.4441046714782715,0.0
9,0.44742143154144287,0.3607255518436432,0.0
9,0.5005629658699036,0.3938107192516327,0.0
9,0.4793287515640259,0.38080111145973206,0.0
9,0.9268316030502319,0.39580580592155457,1.0
9,0.6135473847389221,0.45857319235801697,0.0
9,0.7927561402320862,0.45259565114974976,1.0
9,0.501964807510376,0.3946598768234253,0.0
9,0.48761701583862305,0.3859119713306427,0.0
10,0.7030189037322998,0.4950884282588959,1.0
10,0.7717324495315552,0.46221160888671875,1.0
10,0.9360532164573669,0.39217260479927063,1.0
10,0.9649360775947571,0.3810075521469116,1.0
10,0.6621847152709961,0.48427659273147583,0.0
10,0.3812859058380127,0.31701740622520447,0.0
10,0.6094762682914734,0.4563644826412201,0.0
10,0.5944621562957764,0.4481407105922699,0.0
10,0.6142516732215881,0.4589543640613556,0.0
10,0.5278987288475037,0.41015690565109253,0.0
10,0.7216599583625793,0.514055073261261,0.0
10,0.6098764538764954,0.4565819799900055,0.0
10,0.8164823651313782,0.4419836699962616,1.0
10,0.9076640605926514,0.40346559882164,1.0
10,0.7733832001686096,0.4614492356777191,1.0
10,0.5979130268096924,0.450041800737381,0.0
10,0.5257578492164612,0.40889278054237366,0.0
10,0.6157898902893066,0.45978599786758423,0.0
10,0.8918440341949463,0.40989917516708374,1.0
10,0.5681259632110596,0.4334137439727783,0.0
10,0.7177921533584595,0.4878281056880951,1.0
10,0.6977589726448059,0.49769940972328186,1.0
10,0.8054258823394775,0.44689756631851196,1.0
10,0.47424477338790894,0.3776451051235199,0.0
10,0.9712429046630859,0.3786121606826782,1.0
10,0.549336314201355,0.42266714572906494,0.0
10,0.6043680906295776,0.453580379486084,0.0
10,0.5274508595466614,0.4098926782608032,0.0
10,0.8520760536193848,0.4265285134315491,1.0
10,0.5519216060638428,0.4241577982902527,0.0
10,0.6051063537597656,0.4539836347103119,0.0
10,0.3933165967464447,0.3251849114894867,0.0
10,0.7750475406646729,0.46068188548088074,1.0
10,0.6337350606918335,0.4693937599658966,0.0
10,0.41791513562202454,0.34158191084861755,0.0
10,0.4439736604690552,0.35851767659187317,0.0
10,0.610786497592926,0.4570763111114502,0.0
10,0.37007030844688416,0.30931422114372253,0.0
10,0.42054224014282227,0.3433093726634979,0.0
10,0.5054044723510742,0.3967384696006775,0.0
10,0.49959972500801086,0.3932265043258667,0.0
10,0.3556268513202667,0.29926595091819763,0.0
10,0.46598732471466064,0.3724847733974457,0.0
10,1.0233991146087646,0.3593713343143463,1.0
10,0.8873502016067505,0.4117453396320343,1.0
10,0.9551265239715576,0.3847634494304657,1.0
10,0.6213597655296326,0.46278655529022217,0.0
10,0.9130343794822693,0.4013046622276306,1.0
10,0.9724682569503784,0.37814852595329285,1.0
10,0.49247607588768005,0.3888886272907257,0.0
10,0.5290692448616028,0.41084691882133484,0.0
10,0.4053038954734802,0.3332258462905884,0.0
10,0.5021561980247498,0.39477574825286865,0.0
10,0.413654625415802,0.33877071738243103,0.0
10,1.066750168800354,0.34412503242492676,1.0
10,0.5648959875106812,0.43158072233200073,0.0
10,0.8525229096412659,0.42633795738220215,1.0
10,0.49314361810684204,0.38929644227027893,0.0
10,0.4787038266658783,0.38041403889656067,0.0
11,0.724459707736969,0.48458632826805115,1.0
11,0.7154099345207214,0.4889916181564331,1.0
11,1.00373375415802,0.366508424282074,1.0
11,0.9898721575737,0.3716242015361786,1.0
11,0.5679780840873718,0.4333299696445465,0.0
11,0.3209060728549957,0.27450862526893616,0.0
11,0.5168874263763428,0.40362608432769775,0.0
11,0.5624756217002869,0.43020328879356384,0.0
11,0.5804159641265869,0.4403344988822937,0.0
11,0.47534996271133423,0.3783325254917145,0.0
11,0.6424724459648132,0.4740096628665924,0.0
11,0.5501947999000549,0.423162579536438,0.0
11,0.9266728162765503,0.3958686590194702,1.0
11,0.8107649087905884,0.44451791048049927,1.0
11,0.7958036661148071,0.45121845602989197,1.0
11,0.5495955348014832,0.42281678318977356,0.0
11,0.48261815309524536,0.3828345537185669,0.0
11,0.5272879004478455,0.40979650616645813,0.0
11,1.0011522769927979,0.36745578050613403,1.0
11,0.5610280632972717,0.42937788367271423,0.0
11,0.6982362270355225,0.4974619448184967,1.0
11,0.666468620300293,0.5135188102722168,1.0
11,0.8461669683456421,0.4290563762187958,1.0
11,0.42992520332336426,0.3494422435760498,0.0
11,1.0123215913772583,0.36337441205978394,1.0
11,0.5358717441558838,0.41484105587005615,0.0
11,0.629076361656189,0.4669160544872284,0.0
11,0.47490984201431274,0.37805888056755066,0.0
11,0.7172010540962219,0.4881165623664856,1.0
11,0.6229665875434875,0.46364906430244446,0.0
11,0.5590599179267883,0.4282536804676056,0.0
11,0.4066266119480133,0.3341072201728821,0.0
11,0.6853785514831543,0.5038994550704956,1.0
11,0.675173282623291,0.49093180894851685,0.0
11,0.44284170866012573,0.35779115557670593,0.0
11,0.4988083243370056,0.39274612069129944,0.0
11,0.6004026532173157,0.45140931010246277,0.0
11,0.47121524810791016,0.37575680017471313,0.0
11,0.41167449951171875,0.33746010065078735,0.0
11,0.4654756188392639,0.3721635639667511,0.0
11,0.4842809736728668,0.38385993242263794,0.0
11,0.34863409399986267,0.29434871673583984,0.0
11,0.5148211717605591,0.40239253640174866,0.0
11,0.9109717011451721,0.4021332859992981,1.0
11,0.8589485287666321,0.4236072599887848,1.0
11,0.992542564868927,0.3706331253051758,1.0
11,0.6615871787071228,0.4839683473110199,0.0
11,0.9106738567352295,0.40225306153297424,1.0
11,0.9608935713768005,0.3825508952140808,1.0
11,0.4846828579902649,0.3841075003147125,0.0
11,0.5493414402008057,0.4226700961589813,0.0
11,0.4035468101501465,0.3320532441139221,0.0
11,0.36608177423477173,0.3065539002418518,0.0
11,0.4869261682033539,0.3854875862598419,0.0
11,0.8273502588272095,0.4372062385082245,1.0
11,0.5576832890510559,0.4274660646915436,0.0
11,0.8829376697540283,0.4135662019252777,1.0
11,0.5624404549598694,0.4301832616329193,0.0
11,0.41122451424598694,0.3371618986129761,0.0
12,0.689906120300293,0.5016231536865234,1.0
12,0.7468951940536499,0.47383543848991394,1.0
12,0.9890536069869995,0.37192851305007935,1.0
12,1.0068352222442627,0.3653734624385834,1.0
12,0.5516588687896729,0.42400649189949036,0.0
12,0.3391398787498474,0.28761720657348633,0.0
12,0.5041087865829468,0.3959563374519348,0.0
12,0.5615275502204895,0.429662823677063,0.0
12,0.5935999751091003,0.44766470789909363,0.0
12,0.5069560408592224,0.39767375588417053,0.0
12,0.6685795783996582,0.4875640571117401,0.0
12,0.6093549132347107,0.45629850029945374,0.0
12,0.9704026579856873,0.3789304196834564,1.0
12,0.9496166706085205,0.3868893086910248,1.0
12,0.8157387971878052,0.44231241941452026,1.0
12,0.4808540642261505,0.3817448616027832,0.0
12,0.42802244424819946,0.34820321202278137,0.0
12,0.5452134609222412,0.4202819764614105,0.0
12,1.0032429695129395,0.3666883409023285,1.0
12,0.569282054901123,0.4340684115886688,0.0
12,0.6933403611183167,0.4999034106731415,1.0
12,0.6503939628601074,0.5218401551246643,1.0
12,0.9698064923286438,0.3791564106941223,1.0
12,0.40267205238342285,0.33146870136260986,0.0
12,1.068182110786438,0.34363263845443726,1.0
12,0.5510554909706116,0.4236588478088379,0.0
12,0.5576146841049194,0.4274267852306366,0.0
12,0.4387562572956085,0.3551620543003082,0.0
12,0.8173624873161316,0.44159483909606934,1.0
12,0.4730200171470642,0.376882404088974,0.0
12,0.5152113437652588,0.4026256799697876,0.0
12,0.3565818965435028,0.29993486404418945,0.0
12,0.7680627703666687,0.46391090750694275,1.0
12,0.6486151814460754,0.4772307872772217,0.0
12,0.3619037866592407,0.3036506474018097,0.0
12,0.5162457227706909,0.4032432734966278,0.0
12,0.5535810589790344,0.4251125752925873,0.0
12,0.3832133114337921,0.3183325231075287,0.0
12,0.3798121511936188,0.31601011753082275,0.0
12,0.42535296082496643,0.3464609384536743,0.0
12,0.4279017448425293,0.34812453389167786,0.0
12,0.3060237169265747,0.26363083720207214,0.0
12,0.40196099877357483,0.3309931457042694,0.0
12,0.9327297210693359,0.3934781551361084,1.0
12,0.9578182697296143,0.38372915983200073,1.0
12,0.9222776889801025,0.3976123631000519,1.0
12,0.6709846258163452,0.4887950122356415,0.0
12,0.8573992848396301,0.4242640435695648,1.0
12,0.9677940011024475,0.37992021441459656,1.0
12,0.3926991820335388,0.32476815581321716,0.0
12,0.5255773663520813,0.4087860882282257,0.0
12,0.3900403082370758,0.3229704201221466,0.0
12,0.5451112985610962,0.42022275924682617,0.0
12,0.44287383556365967,0.3578117787837982,0.0
12,0.9655175805091858,0.38078606128692627,1.0
12,0.5174829959869385,0.40398117899894714,0.0
12,0.9508280158042908,0.38642093539237976,1.0
12,0.4962608814239502,0.39119720458984375,0.0
12,0.3070422112941742,0.26438045501708984,0.0
13,0.6698048114776611,0.511808454990387,1.0
13,0.7291884422302246,0.4823002517223358,1.0
13,1.1212432384490967,0.325874388217926,1.0
13,1.025160312652588,0.3587389290332794,1.0
13,0.5562667846679688,0.42665451765060425,0.0
13,0.2601327896118164,0.22905080020427704,0.0
13,0.48831841349601746,0.3863425552845001,0.0
13,0.5390269756317139,0.41668444871902466,0.0
13,0.6460901498794556,0.47590911388397217,0.0
13,0.4747981131076813,0.37798938155174255,0.0
13,0.6622930765151978,0.48433250188827515,0.0
13,0.5599251985549927,0.428748220205307,0.0
13,0.8516777157783508,0.4266984462738037,1.0
13,0.8783056139945984,0.41548630595207214,1.0
13,0.8027602434158325,0.44809040427207947,1.0
13,0.519719123840332,0.4053124487400055,0.0
13,0.4461820721626282,0.3599327802658081,0.0
13,0.5391789078712463,0.4167730510234833,0.0
13,1.191452145576477,0.30377981066703796,1.0
13,0.5330402851104736,0.4131818413734436,0.0
13,0.7490447759628296,0.472817987203598,1.0
13,0.6283959746360779,0.5334467887878418,1.0
13,0.8650941848754883,0.42101189494132996,1.0
13,0.39289960265159607,0.3249034583568573,0.0
13,0.9350754618644714,0.39255625009536743,1.0
13,0.5517469644546509,0.4240572154521942,0.0
13,0.6630293130874634,0.48471200466156006,0.0
13,0.5041738152503967,0.3959956169128418,0.0
13,0.7387194037437439,0.4777252972126007,1.0
13,0.6560057997703552,0.48108014464378357,0.0
13,0.5906951427459717,0.44605791568756104,0.0
13,0.45802271366119385,0.36746689677238464,0.0
13,0.74102783203125,0.4766237735748291,1.0
13,0.6373419165611267,0.47130411863327026,0.0
13,0.3468075096607208,0.2930586040019989,0.0
13,0.45707783102989197,0.3668689429759979,0.0
13,0.5265523791313171,0.409362256526947,0.0
13,0.32006049156188965,0.27389487624168396,0.0
13,0.43578046560287476,0.35324031114578247,0.0
13,0.4737941324710846,0.3773645758628845,0.0
13,0.4423673748970032,0.35748645663261414,0.0
13,0.3176421821117401,0.2721368074417114,0.0
13,0.3835606873035431,0.31856927275657654,0.0
13,1.123465657234192,0.3251509964466095,1.0
13,0.9287420511245728,0.3950503468513489,1.0
13,0.9992884397506714,0.3681412935256958,1.0
13,0.5921149849891663,0.44684386253356934,0.0
13,0.902862012386322,0.40540772676467896,1.0
13,1.0149024724960327,0.36243778467178345,1.0
13,0.4836297631263733,0.38345858454704285,0.0
13,0.5078226327896118,0.3981955051422119,0.0
13,0.41056984663009644,0.3367278277873993,0.0
13,0.45332956314086914,0.36449134349823,0.0
13,0.38447755575180054,0.3191937804222107,0.0
13,0.9355011582374573,0.392389178276062,1.0
13,0.5685230493545532,0.43363869190216064,0.0
13,0.8420156240463257,0.43084123730659485,1.0
13,0.5130175352096558,0.4013137221336365,0.0
13,0.37140536308288574,0.3102357089519501,0.0
14,0.7020522952079773,0.4955672025680542,1.0
14,0.7254095077514648,0.4841262698173523,1.0
14,0.934495210647583,0.39278408885002136,1.0
14,1.0474791526794434,0.35082098841667175,1.0
14,0.5616819262504578,0.42975085973739624,0.0
14,0.34117284417152405,0.2890639901161194,0.0
14,0.5671414136886597,0.43285563588142395,0.0
14,0.5456214547157288,0.4205184578895569,0.0
14,0.6284365057945251,0.46657484769821167,0.0
14,0.5719133019447327,0.4355555474758148,0.0
14,0.7113356590270996,0.5090120434761047,0.0
14,0.5921035408973694,0.44683754444122314,0.0
14,0.8857702612876892,0.4123964011669159,1.0
14,0.88810795545578,0.41143345832824707,1.0
14,0.7462493777275085,0.47414153814315796,1.0
14,0.4944291114807129,0.390080988407135,0.0
14,0.4443166255950928,0.35873764753341675,0.0
14,0.586665153503418,0.4438210427761078,0.0
14,0.9054223895072937,0.404371052980423,1.0
14,0.5203217267990112,0.405670702457428,0.0
14,0.7601234912872314,0.4676086902618408,1.0
14,0.7044166326522827,0.4943968951702118,1.0
14,0.9408536553382874,0.39029452204704285,1.0
14,0.35921385884284973,0.3017749786376953,0.0
14,1.0087231397628784,0.3646843433380127,1.0
14,0.5084373950958252,0.3985653519630432,0.0
14,0.5838995575904846,0.44228073954582214,0.0
14,0.46931102871894836,0.3745669722557068,0.0
14,0.8630870580673218,0.4218577742576599,1.0
14,0.5278910398483276,0.4101523756980896,0.0
14,0.7086874842643738,0.5077100992202759,0.0
14,0.44282832741737366,0.3577825427055359,0.0
14,0.78303462266922,0.45701703429222107,1.0
14,0.6852798461914062,0.49605080485343933,0.0
14,0.43015459179878235,0.349591463804245,0.0
14,0.38497987389564514,0.31953567266464233,0.0
14,0.545147180557251,0.4202435612678528,0.0
14,0.36168399453163147,0.3034975826740265,0.0
14,0.3978101909160614,0.3282104730606079,0.0
14,0.48122119903564453,0.3819718062877655,0.0
14,0.41129034757614136,0.33720552921295166,0.0
14,0.40808507800102234,0.335077702999115,0.0
14,0.4337695240974426,0.351938396692276,0.0
14,0.987647533416748,0.3724518418312073,1.0
14,0.8283750414848328,0.436758428812027,1.0
14,0.8922803997993469,0.40972036123275757,1.0
14,0.6883314847946167,0.49758633971214294,0.0
14,0.9486423134803772,0.38726645708084106,1.0
14,0.9151069521903992,0.40047380328178406,1.0
14,0.3863304555416107,0.32045406103134155,0.0
14,0.47209790349006653,0.37630754709243774,0.0
14,0.29888683557510376,0.25835666060447693,0.0
14,0.5372232794761658,0.41563135385513306,0.0
14,0.3023757040500641,0.26093965768814087,0.0
14,0.9205950498580933,0.3982819616794586,1.0
14,0.5263615846633911,0.40924954414367676,0.0
14,0.9809100031852722,0.3749697208404541,1.0
14,0.556751549243927,0.42693236470222473,0.0
14,0.24882420897483826,0.22028297185897827,0.0
15,0.635915219783783,0.5294507145881653,1.0
15,0.7173444032669067,0.4880465865135193,1.0
15,1.075789213180542,0.34102851152420044,1.0
15,1.126630187034607,0.32412365078926086,1.0
15,0.5690497756004333,0.4339369237422943,0.0
15,0.30106255412101746,0.25996851921081543,0.0
15,0.5922136306762695,0.4468984305858612,0.0
15,0.5590605735778809,0.42825406789779663,0.0
15,0.7120227813720703,0.5093492865562439,0.0
15,0.3685670495033264,0.30827516317367554,0.0
15,0.6442956924438477,0.4749678075313568,0.0
15,0.6119552254676819,0.45771047472953796,0.0
15,0.901353120803833,0.4060198962688446,1.0
15,0.7641856074333191,0.4657130539417267,1.0
15,0.7331976294517517,0.48037049174308777,1.0
15,0.5510941743850708,0.4236811399459839,0.0
15,0.45561978220939636,0.36594513058662415,0.0
15,0.48438796401023865,0.3839258551597595,0.0
15,1.3071457147598267,0.27059128880500793,1.0
15,0.49778637290000916,0.3921252191066742,0.0
15,0.7586974501609802,0.4682759940624237,1.0
15,0.5682271718978882,0.5665289163589478,1.0
15,0.885973334312439,0.41231265664100647,1.0
15,0.2887711524963379,0.25081637501716614,0.0
15,1.0974398851394653,0.33372437953948975,1.0
15,0.51601243019104,0.4031040370464325,0.0
15,0.5721114277839661,0.43566736578941345,0.0
15,0.35156482458114624,0.29641374945640564,0.0
15,0.8253309726715088,0.4380899667739868,1.0
15,0.5451310873031616,0.42023423314094543,0.0
15,0.5132824778556824,0.4014723002910614,0.0
15,0.2754237949848175,0.24074971675872803,0.0
15,0.7208830714225769,0.4863226115703583,1.0
15,0.6156606078147888,0.45971614122390747,0.0
15,0.271268367767334,0.23758813738822937,0.0
15,0.33925890922546387,0.2877019941806793,0.0
15,0.564145028591156,0.43115371465682983,0.0
15,0.25282326340675354,0.22339487075805664,0.0
15,0.26841968297958374,0.23541317880153656,0.0
15,0.4458704888820648,0.35973331332206726,0.0
15,0.41204574704170227,0.3377060294151306,0.0
15,0.24371328949928284,0.21628770232200623,0.0
15,0.3924955427646637,0.32463064789772034,0.0
15,0.9369731545448303,0.3918119966983795,1.0
15,0.8831932544708252,0.41346052289009094,1.0
15,0.9188219904899597,0.3989887833595276,1.0
15,0.6433814167976379,0.4744875729084015,0.0
15,0.8903183341026306,0.41052505373954773,1.0
15,0.9254910945892334,0.39633673429489136,1.0
15,0.36898693442344666,0.30856555700302124,0.0
15,0.5010970234870911,0.39413437247276306,0.0
15,0.31850388646125793,0.27276375889778137,0.0
15,0.45716479420661926,0.366923987865448,0.0
15,0.24901165068149567,0.22042910754680634,0.0
15,1.1383306980133057,0.32035332918167114,1.0
15,0.5225840210914612,0.4070137143135071,0.0
15,0.9513440132141113,0.38622158765792847,1.0
15,0.42664775252342224,0.34730657935142517,0.0
15,0.38095822930336,0.3167935907840729,0.0
16,0.6949233412742615,0.49911269545555115,1.0
16,0.770893394947052,0.46259960532188416,1.0
16,1.1825673580169678,0.30649083852767944,1.0
16,1.1597689390182495,0.3135586380958557,1.0
16,0.5587235689163208,0.4280613660812378,0.0
16,0.25888144969940186,0.2280854731798172,0.0
16,0.5962767004966736,0.44914117455482483,0.0
16,0.475942462682724,0.37870076298713684,0.0
16,0.658755898475647,0.48250526189804077,0.0
16,0.500823974609375,0.3939689099788666,0.0
16,0.6862881183624268,0.49655866622924805,0.0
16,0.5996087193489075,0.4509735703468323,0.0
16,0.8958234190940857,0.40827128291130066,1.0
16,0.9078963994979858,0.4033718705177307,1.0
16,0.7854458689689636,0.4559163749217987,1.0
16,0.46600136160850525,0.37249356508255005,0.0
16,0.40456122159957886,0.3327304720878601,0.0
16,0.4881526231765747,0.38624081015586853,0.0
16,1.015443205833435,0.36224186420440674,1.0
16,0.49621957540512085,0.39117205142974854,0.0
16,0.7145615220069885,0.48940664529800415,1.0
16,0.6520651578903198,0.5209687948226929,1.0
16,0.9206011891365051,0.3982795178890228,1.0
16,0.2969394326210022,0.2569109797477722,0.0
16,1.036503791809082,0.35469257831573486,1.0
16,0.549037754535675,0.4224947690963745,0.0
16,0.5368069410324097,0.4153880178928375,0.0
16,0.4114556312561035,0.33731508255004883,0.0
16,0.864220142364502,0.42138004302978516,1.0
16,0.4529223144054413,0.36423248052597046,0.0
16,0.5716577768325806,0.4354113042354584,0.0
16,0.31182122230529785,0.26788759231567383,0.0
16,0.7970017790794373,0.45067816972732544,1.0
16,0.5995988249778748,0.4509681463241577,0.0
16,0.365566223859787,0.30619630217552185,0.0
16,0.33128273487091064,0.2819978594779968,0.0
16,0.5458969473838806,0.420678049325943,0.0
16,0.33688387274742126,0.2860082685947418,0.0
16,0.34888774156570435,0.29452767968177795,0.0
16,0.4367210865020752,0.3538483679294586,0.0
16,0.36105236411094666,0.3030574917793274,0.0
16,0.25644809007644653,0.22620485723018646,0.0
16,0.3761017322540283,0.31346753239631653,0.0
16,0.9955017566680908,0.36953797936439514,1.0
16,0.826633870601654,0.43751955032348633,1.0
16,0.8684452772140503,0.4196034073829651,1.0
16,0.6961119174957275,0.5014801621437073,0.0
16,0.8952466249465942,0.408506840467453,1.0
16,0.8322658538818359,0.43506237864494324,1.0
16,0.39022600650787354,0.3230961263179779,0.0
16,0.38053274154663086,0.31650280952453613,0.0
16,0.21043770015239716,0.18977047502994537,0.0
16,0.5313349962234497,0.4121803045272827,0.0
16,0.3154682219028473,0.27055275440216064,0.0
16,0.96778404712677,0.3799239993095398,1.0
16,0.45567867159843445,0.3659824728965759,0.0
16,1.080891728401184,0.33929282426834106,1.0
16,0.5428728461265564,0.4189234972000122,0.0
16,0.2732192575931549,0.23907406628131866,0.0
17,0.7337735295295715,0.48009392619132996,1.0
17,0.7124362587928772,0.49044787883758545,1.0
17,1.4478695392608643,0.23507057130336761,1.0
17,1.1865220069885254,0.3052811920642853,1.0
17,0.5740975737571716,0.43678709864616394,0.0
17,0.20322349667549133,0.18390417098999023,0.0
17,0.5616785287857056,0.42974892258644104,0.0
17,0.5440270304679871,0.41959378123283386,0.0
17,0.6878184676170349,0.497328519821167,0.0
17,0.4407976269721985,0.3564770817756653,0.0
17,0.665554404258728,0.4860115051269531,0.0
17,0.5671107769012451,0.4328382611274719,0.0
17,1.0473594665527344,0.3508630096912384,1.0
17,0.755224347114563,0.46990516781806946,1.0
17,0.8822585940361023,0.4138471484184265,1.0
17,0.47614675760269165,0.37882769107818604,0.0
17,0.42480048537254333,0.34609976410865784,0.0
17,0.5009524822235107,0.3940467834472656,0.0
17,1.1487083435058594,0.31704601645469666,1.0
17,0.5188445448875427,0.4047921299934387,0.0
17,0.8026931285858154,0.44812050461769104,1.0
17,0.5550251603126526,0.5740578174591064,1.0
17,0.8963331580162048,0.40806323289871216,1.0
17,0.3137221336364746,0.269277960062027,0.0
17,1.0391345024108887,0.3537607192993164,1.0
17,0.5333946943283081,0.41338977217674255,0.0
17,0.5916720628738403,0.4465987980365753,0.0
17,0.3412180542945862,0.2890961170196533,0.0
17,0.9128569960594177,0.4013758599758148,1.0
17,0.48077392578125,0.38169530034065247,0.0
17,0.6313203573226929,0.46811094880104065,0.0
17,0.2665611207485199,0.23399080336093903,0.0
17,0.7861512303352356,0.45559489727020264,1.0
17,0.6500301957130432,0.4779699742794037,0.0
17,0.3007194697856903,0.2597145736217499,0.0
17,0.3836084008216858,0.3186017870903015,0.0
17,0.5093100666999817,0.3990899920463562,0.0
17,0.26286783814430237,0.23115651309490204,0.0
17,0.30317720770835876,0.2615317702293396,0.0
17,0.4529900550842285,0.3642755448818207,0.0
17,0.36106133460998535,0.3030637502670288,0.0
17,0.294782817363739,0.2553066909313202,0.0
17,0.33687838912010193,0.28600433468818665,0.0
17,1.0391467809677124,0.3537563681602478,1.0
17,0.8465732336044312,0.42888209223747253,1.0
17,0.8594549298286438,0.42339280247688293,1.0
17,0.7324400544166565,0.5192654728889465,0.0
17,0.8548178672790527,0.42536064982414246,1.0
17,0.9109817147254944,0.40212926268577576,1.0
17,0.4120396077632904,0.3377019464969635,0.0
17,0.5172008872032166,0.4038130044937134,0.0
17,0.21643373370170593,0.19461409747600555,0.0
17,0.6061259508132935,0.45454007387161255,0.0
17,0.3237890899181366,0.27659720182418823,0.0
17,0.8685343265533447,0.4195660352706909,1.0
17,0.5582619309425354,0.42779725790023804,0.0
17,1.0418778657913208,0.35279154777526855,1.0
17,0.6060121655464172,0.45447802543640137,0.0
17,0.26961007714271545,0.2363228052854538,0.0
18,0.5838667154312134,0.5577375888824463,1.0
18,0.6228558421134949,0.5364103317260742,1.0
18,1.0715504884719849,0.34247708320617676,1.0
18,0.9204641580581665,0.3983341157436371,1.0
18,0.6089010834693909,0.45605170726776123,0.0
18,0.23987403512001038,0.2132730484008789,0.0
18,0.6089252233505249,0.4560648202896118,0.0
18,0.6450153589248657,0.47534552216529846,0.0
18,0.6128573417663574,0.45819947123527527,0.0
18,0.35631847381591797,0.299750417470932,0.0
18,0.7463638186454773,0.5259127020835876,0.0
18,0.66373211145401,0.4850740134716034,0.0
18,0.8661694526672363,0.42055943608283997,1.0
18,0.6830229163169861,0.5050878524780273,1.0
18,0.7614952325820923,0.4669676721096039,1.0
18,0.44655361771583557,0.36017054319381714,0.0
18,0.5304177403450012,0.41164085268974304,0.0
18,0.5630525350570679,0.43053191900253296,0.0
18,1.347873568534851,0.2597920894622803,1.0
18,0.45630645751953125,0.36638036370277405,0.0
18,0.8566407561302185,0.4245859682559967,1.0
18,0.7028898000717163,0.4951523542404175,1.0
18,0.6990011930465698,0.49708154797554016,1.0
18,0.3240728974342346,0.2768024802207947,0.0
18,0.8813133835792542,0.41423851251602173,1.0
18,0.5461876392364502,0.42084646224975586,0.0
18,0.6307165026664734,0.4677896499633789,0.0
18,0.44003427028656006,0.3559856414794922,0.0
18,0.7111225724220276,0.49109259247779846,1.0
18,0.6335989236831665,0.46932151913642883,0.0
18,0.5788788795471191,0.43947356939315796,0.0
18,0.26346802711486816,0.23161780834197998,0.0
18,0.7121565937995911,0.490585058927536,1.0
18,0.5624520182609558,0.430189847946167,0.0
18,0.31631243228912354,0.2711682915687561,0.0
18,0.4432023763656616,0.3580227196216583,0.0
18,0.6027079224586487,0.45267248153686523,0.0
18,0.23206661641597748,0.20710669457912445,0.0
18,0.26206323504447937,0.23053763806819916,0.0
18,0.552407443523407,0.4244374930858612,0.0
18,0.39852985739707947,0.32869377732276917,0.0
18,0.3355666399002075,0.2850671410560608,0.0
18,0.37059998512268066,0.3096799850463867,0.0
18,0.9225431084632874,0.39750686287879944,1.0
18,0.8666630983352661,0.42035189270973206,1.0
18,0.9829557538032532,0.3742034137248993,1.0
18,0.6726671457290649,0.48965439200401306,0.0
18,0.9430665969848633,0.38943177461624146,1.0
18,1.0006059408187866,0.3676565885543823,1.0
18,0.30688294768333435,0.2642633020877838,0.0
18,0.44339117407798767,0.3581439256668091,0.0
18,0.23640254139900208,0.21053718030452728,0.0
18,0.47100338339805603,0.37562453746795654,0.0
18,0.2732786536216736,0.2391192615032196,0.0
18,0.9711546897888184,0.37864556908607483,1.0
18,0.5138540267944336,0.4018143117427826,0.0
18,0.8808309435844421,0.414438396692276,1.0
18,0.42724934220314026,0.3476991057395935,0.0
18,0.27203238010406494,0.23817040026187897,0.0
19,0.7094678282737732,0.49190589785575867,1.0
19,0.7339083552360535,0.4800291955471039,1.0
19,1.1437486410140991,0.3186223804950714,1.0
19,1.202881932258606,0.30032745003700256,1.0
19,0.5490589737892151,0.42250701785087585,0.0
19,0.23185399174690247,0.20693808794021606,0.0
19,0.46246498823165894,0.3702705502510071,0.0
19,0.5407693386077881,0.4176999032497406,0.0
19,0.6843498349189758,0.4955819249153137,0.0
19,0.47604477405548096,0.3787643313407898,0.0
19,0.6597962379455566,0.4830433428287506,0.0
19,0.5534816384315491,0.4250554144382477,0.0
19,0.9414419531822205,0.3900649845600128,1.0
19,0.7487870454788208,0.4729398488998413,1.0
19,0.7432307600975037,0.47557497024536133,1.0
19,0.48265665769577026,0.3828583061695099,0.0
19,0.4744282364845276,0.37775927782058716,0.0
19,0.4931831359863281,0.38932058215141296,0.0
19,1.2930374145507812,0.27443593740463257,1.0
19,0.4525454640388489,0.363992840051651,0.0
19,0.8297073841094971,0.4361768960952759,1.0
19,0.5902714729309082,0.5541768074035645,1.0
19,0.8994823098182678,0.4067801833152771,1.0
19,0.33617281913757324,0.2855003774166107,0.0
19,0.9289349913597107,0.39497414231300354,1.0
19,0.5257965326309204,0.408915638923645,0.0
19,0.5835855007171631,0.44210556149482727,0.0
19,0.35637572407722473,0.29979053139686584,0.0
19,0.8561733365058899,0.42478448152542114,1.0
19,0.5614073276519775,0.4295942485332489,0.0
19,0.5094899535179138,0.399198055267334,0.0
19,0.2631959021091461,0.23140870034694672,0.0
19,0.7121797204017639,0.4905737042427063,1.0
19,0.5817909240722656,0.441103458404541,0.0
19,0.3520989418029785,0.2967894673347473,0.0
19,0.45786240696907043,0.3673654794692993,0.0
19,0.47516950964927673,0.3782203495502472,0.0
19,0.3095445930957794,0.26621896028518677,0.0
19,0.23499028384685516,0.20942147076129913,0.0
19,0.4356948733329773,0.35318493843078613,0.0
19,0.4160408675670624,0.34034669399261475,0.0
19,0.30810150504112244,0.2651592791080475,0.0
19,0.3629785478115082,0.30439862608909607,0.0
19,1.0081099271774292,0.36490803956985474,1.0
19,0.8245485424995422,0.43843287229537964,1.0
19,0.8224844932556152,0.4393387734889984,1.0
19,0.7252106070518494,0.5157774090766907,0.0
19,0.8691734075546265,0.419297993183136,1.0
19,0.9376804828643799,0.3915349543094635,1.0
19,0.34133702516555786,0.2891806960105896,0.0
19,0.41998153924942017,0.3429410457611084,0.0
19,0.23860014975070953,0.21227021515369415,0.0
19,0.5158079266548157,0.4029819369316101,0.0
19,0.30953967571258545,0.26621535420417786,0.0
19,1.020012617111206,0.360590398311615,1.0
19,0.46296125650405884,0.3705829679965973,0.0
19,0.9540202617645264,0.38518935441970825,1.0
19,0.5709865093231201,0.4350321888923645,0.0
19,0.2343328297138214,0.2089015245437622,0.0
20,0.6108496189117432,0.542889416217804,1.0
20,0.6816490292549133,0.5057822465896606,1.0
0,0.7110931873321533,0.49316659569740295,1.0
1,0.6933509707450867,0.5160923004150391,1.0
2,0.689973920583725,0.49902889132499695,1.0
3,0.6603070795536041,0.5143802762031555,1.0
4,0.6714569926261902,0.5158693194389343,1.0
5,0.6568144261837006,0.5301767587661743,1.0
6,0.6468148231506348,0.528763473033905,1.0
7,0.6591998338699341,0.5206233263015747,1.0
8,0.6307033896446228,0.5430611968040466,1.0
9,0.6280682981014252,0.5379223823547363,1.0
10,0.6153870522975922,0.5356367230415344,1.0
11,0.6299357414245605,0.5440155267715454,1.0
0,0.774366945028305,0.545488715171814,0.0
1,0.7481798827648163,0.5232172608375549,0.0
0,0.6040250957012177,0.5682515501976013,1.0
1,0.6175025105476379,0.5281798243522644,1.0
2,0.6143724918365479,0.5291245579719543,1.0
3,0.5903834998607635,0.5323859453201294,1.0
4,0.5644772946834564,0.5794681310653687,1.0
5,0.5993882417678833,0.5385710597038269,1.0
0,0.717703640460968,0.5048094987869263,0.0
1,0.7161438465118408,0.5212384462356567,0.0
2,0.7352498471736908,0.5237942934036255,0.0
3,0.7741851508617401,0.5344759821891785,0.0
4,0.7438844442367554,0.5289390087127686,0.0
0,0.7160727083683014,0.5119222402572632,0.0
1,0.7172676026821136,0.5070975422859192,0.0
2,0.6867789924144745,0.4983305335044861,0.0
3,0.7214804589748383,0.5180490612983704,0.0
4,0.7079592347145081,0.5190021991729736,0.0
5,0.7113610506057739,0.5043424963951111,0.0
6,0.7084912359714508,0.5074601769447327,0.0
